modality,How familiar you are with Industrial robotics handling or programming?,Audioguide_score_mean,Audioguide_score_std,spatial_awareness_score_mean,spatial_awareness_score_std
DES,Familiar,0.5555555555555555,0.09622504486493759,0.3333333333333333,0.11547005383792516
DES,Neutral,0.8333333333333334,,0.2,
DES,Unfamiliar,0.5,0.23570226039551584,0.30000000000000004,0.14142135623730953
VR,Familiar,1.0,0.0,0.7333333333333334,0.1154700538379252
VR,Neutral,0.6666666666666667,0.23570226039551584,0.6000000000000001,0.28284271247461906
VR,Unfamiliar,0.8333333333333334,,0.4,
VR,Very familiar,0.6666666666666666,,0.4,
VR,Very unfamiliar,0.8333333333333334,,0.4,
presence,Familiar,0.611111111111111,0.25458753860865785,0.6,0.3464101615137755
presence,Neutral,0.6666666666666666,,0.6,
presence,Unfamiliar,0.8333333333333334,,0.6,
presence,Very unfamiliar,0.8333333333333334,,0.4,
