modality,How familiar you are with Industrial environment and processes?,Audioguide_score_mean,Audioguide_score_std,spatial_awareness_score_mean,spatial_awareness_score_std
DES,Familiar,0.5833333333333334,0.3535533905932738,0.2,0.0
DES,Neutral,0.5833333333333333,0.11785113019775793,0.30000000000000004,0.14142135623730953
DES,Unfamiliar,0.5833333333333333,0.11785113019775786,0.4,0.0
VR,Familiar,0.8888888888888888,0.19245008972987526,0.6666666666666666,0.23094010767585033
VR,Unfamiliar,0.7777777777777778,0.2545875386086578,0.6,0.19999999999999996
VR,Very unfamiliar,0.8333333333333334,0.0,0.4,0.0
presence,Familiar,0.6666666666666666,,0.2,
presence,Neutral,0.6666666666666666,0.23570226039551584,0.65,0.19148542155126763
presence,Unfamiliar,0.8333333333333334,,0.6,
