Question/score;;;;;;;;values range;average
MASTER XR improved my familiarization with industrial robots handling/programming. ;;;;;;;;1-5;3,75
MASTER XR improved my familiarization with Mixed reality technology and application. ;;;;;;;;1-5;4
It is easy to understand the language used in MASTER XR Educational Scene ;;;;;;;;1-5;4
It is easy to understand and follow the training procedure in MASTER XR Educational Scene. ;;;;;;;;1-5;4
Overall MASTER XR Educational Scene graphics ;;;;;;;;1-5;4
Overall MASTER XR Educational Scene interactions ;;;;;;;;1-5;4,5
Navigation-locomotion comfort in MASTER XR Educational Scene ;;;;;;;;1-5;4,25
I feel safe using MASTER XR Educational Scene for robotics training purposes. ;;;;;;;;1-5;4,5
I feel safe using traditional ways for robotics training. ;;;;;;;;1-5;5
It is easy to use MASTER XR Educational Scene. ;;;;;;;;1-5;4,75
It is easy to use traditional ways for robotics training.;;;;;;;;1-5;4,5
Do you think you have achieved the learning objectives of the scenes?;;;;;;;;1-5;4
How likely are you to recommend MASTER XR Educational Scene to a friend or colleague? ;;;;;;;;1-10;9,5
Do you think you have achieved the learning objectives of the scenes? (0-10);;;;;;;;1-11;8,5
Unweighted NASA-TLX score;;;;;;;;0-100;18,2
;;;;;;;;;
