Participant ID,nation,experience VR,Experience Gaming,modality,Gender:,Age:,Highest level of education:,Current occupation:  ,"Have you been diagnosed with colour vision deficiency (colour blindness)? (if yes, specify your color vision defiency) ",How familiar you are with Industrial environment and processes?,How familiar you are with Industrial robotics handling or programming?,How can the Meta-MES handle the detection of a defective piece made by the quality control cell? ,"In the Subtractive Manufacturing cell, what is the role of the UR5 robot? ",The Assembly cell (Cell 4) uses which two types of robotic arms? ,The Quality Control cell detects defects based on which criteria?,"In the context of the Assembly Cell, what is the role of the OPC-UA server? ",The VERTIMAG EF system is associated with which facility feature? ,Which is the tallest machine in the lab?, Which is the dual arm robot?,How many bays are there in the transport line,Which machine is closer to the SPEA testing machine?,How many pallets are on the conveyor?,Test modality,I found it easy to maintain my focus on the descriptions of the various workcells.  ,The way the information was presented made me curious to learn more about Industry 4.0.,How much mental effort was required to navigate the environment and understand the explanations? ,I felt like an active participant in the tour rather than a passive observer.  ,The experience was 'boring' or 'dry'. ,I would be interested in visiting the ICE Lab again using this same modality. ,I would be interested in visiting the ICE Lab again using a different modality. ,"I had a urge to 'touch' or 'interact' with the machinery (e.g., the UR5 robot or the conveyor). ",I can easily visualize the layout of the lab in my mind right now. ,Did the modality spark a desire for more knowledge,How familiar you are with Mixed Reality technology and applications?,I felt like I was standing in the ICELAB ,How likely are you to recommend MASTER XR Educational Scene to a friend or colleague? ,What did you like most about the MASTER XR Educational Scene?  ,"Does the language used in MASTER XR Educational Scene take into consideration gender, education, and cultural diversities?  (Type 'Yes' or Specify the points that you think there is an issue)",MASTER XR improved my familiarization with an industrial environment.  ,MASTER XR improved my familiarization with industrial robots handling/programming. ,MASTER XR improved my familiarization with Mixed reality technology and application. ,It is easy to understand the language used in MASTER XR Educational Scene (included in information/instruction panels). ,It is easy to understand and follow the training procedure in MASTER XR Educational Scene. ,Overall MASTER XR Educational Scene graphics (Consider how easy is to identify the various objects and how realistic they are.) ,"Overall MASTER XR Educational Scene interactions (Consider how easy is to handle objects, select a choice, etc.) ",Navigation-locomotion comfort in MASTER XR Educational Scene (Consider how easy it is to move into the environment.) ,I feel safe using MASTER XR Educational Scene for robotics training purposes. ,I feel safe using traditional ways for robotics training. ,It is easy to use MASTER XR Educational Scene. ,It is easy to use traditional ways for robotics training.,"How mentally demanding was the task? (Consider activities like thinking, deciding, calculating, remembering, looking, searching, etc)  ","How physically demanding was the task? (Consider activities like pushing, pulling, turning, lifting, etc) ",How hurried or rushed was the pace of the task? (Consider the time pressure you felt.) ,How successful were you in accomplishing what you were asked to do? (Consider how satisfied you are with your performance.) ,How hard did you have to work to accomplish your level of performance? (Consider how hard in terms of mental or physical effort.) ,"How insecure, discouraged, irritated, stressed, and annoyed were you? (Consider how frustrated you may felt.)  ",Do you think you have achieved the learning objectives of the scenes?,Is there anything else you would like to share about your experience with MASTER XR?  ,What is the equipment used for the experiment? (indicate the model for each one)   ,Which is the primary interaction method used?  ,How would you rate the frame rate of the application?  
1,italian,No,high,VR,Male,30-34,University Education,Student in Robotics,No,Familiar,Familiar,Can perform an automatic replanning of the procedure replacing the piece.,It loads and unloads parts into the EMCO milling machine.,ABB and KUKA,"Color, shape, and geometry",It encapsulates internal complexity and exposes services to the Meta-MES,The automated warehouse,Automatic warehouse,ABB,4,Milling machine,10,Meta Quest,5,5,1,5,1,5,2,2,5,4,Familiar,5.0,5.0,Model quality,yes,Agree,Agree,Agree,Agree,Agree,Satisfied,Satisfied,Satisfied,Agree,Neutral,Agree,Neutral,2.0,2.0,2.0,4.0,2.0,2.0,9.0,no,Meta Quest 3,Controllers,Very low (less than 50fps)
2,italian,,,DES,Male,35-44,University Education,Teacher in computing,No,Very familiar,Familiar,Can perform an automatic replanning of the procedure replacing the piece.,It loads and unloads parts into the EMCO milling machine.,ABB and KUKA,"Color, shape, and geometry",It encapsulates internal complexity and exposes services to the Meta-MES,The automated warehouse,Automatic warehouse,ABB,4,Milling machine,10,Desktop,4,5,1,3,1,4,5,1,5,3,Unfamiliar,3.0,8.0,"You can visualize spaces otherwise non visualizable, with space awarness.",yes,Neutral,Disagree,Agree,Strongly agree,Strongly agree,Very satisfied,Very satisfied,Very satisfied,Strongly agree,Disagree,Strongly agree,Disagree,3.0,1.0,4.0,7.0,3.0,1.0,8.0,no,PC,Mixed,High (More than 90fps)
3,italian,No,high,VR,Male,35-44,University Education,Student in Robotics,No,Unfamiliar,Neutral,Requires the intervention of a human operator.,It checks the color and geometry of the parts.,ABB and KUKA,"Color, shape, and geometry",It encapsulates internal complexity and exposes services to the Meta-MES,The visual quality control sensor array,Automatic warehouse,ABB,3,Milling machine,6,Meta Quest,2,4,2,3,3,4,4,5,5,5,Familiar,5.0,9.0,the envirnment,yes,Agree,Agree,Agree,Agree,Agree,Satisfied,Satisfied,Satisfied,Agree,Agree,Agree,Agree,4.0,4.0,4.0,4.0,4.0,4.0,6.0,no,Meta Quest 3,Controllers,Medium (between 72-90fps)
4,italian,Limited,high,DES,Male,18-24,High school,Student in Robotics,No,Familiar,Neutral,Can perform an automatic replanning of the procedure replacing the piece.,It loads and unloads parts into the EMCO milling machine.,ABB and KUKA,"Color, shape, and geometry",It serves as a database for storing employee records,The automated warehouse,Milling machine,KUKA,4,Milling machine,6,Desktop,3,3,4,3,2,4,4,4,5,4,Familiar,3.0,7.0,moving around without bothering noone ,yes,Agree,Agree,Agree,Neutral,Neutral,Satisfied,Satisfied,Satisfied,Agree,Neutral,Agree,Neutral,4.0,1.0,4.0,4.0,3.0,3.0,7.0,the robot in front of vertimag bodybloced me and until it mooved i was not able to listen the audio ,PC,Mixed,Low (Less than 72fps)
5,italian,No,Moderate,DES,Female,18-24,High school,Student in Robotics,No,Unfamiliar,Unfamiliar,Can perform an automatic replanning of the procedure replacing the piece.,It loads and unloads parts into the EMCO milling machine.,JAKA and UR5,"Color, shape, and geometry",It encapsulates internal complexity and exposes services to the Meta-MES,The visual quality control sensor array,Quality control cell,EMCO,3,Collaborative robots,10,Desktop,3,4,3,3,1,3,3,3,4,3,Unfamiliar,4.0,9.0,"Since I didn't know anything about the subject, it intrigued me in every way and helped me understand how certain machines are actually built ",yes,Agree,Agree,Agree,Neutral,Agree,Satisfied,Satisfied,Satisfied,Agree,Agree,Neutral,Neutral,4.0,5.0,3.0,4.0,4.0,5.0,6.0,no,PC,Mixed,Low (Less than 72fps)
6,italian,Limited,high,DES,Male,18-24,High school,Student in Robotics,No,Familiar,Unfamiliar,Can perform an automatic replanning of the procedure replacing the piece.,It checks the color and geometry of the parts.,SPEA and EMCO,"Color, shape, and geometry",It serves as a database for storing employee records,The visual quality control sensor array,Quality control cell,EMCO,4,Automatic warehouse,10,Desktop,4,3,3,4,1,4,5,3,5,4,Neutral,3.0,8.0,"how i was able to move around, looking for informations and the possibilty to make a question and recive an answer",no,Agree,Neutral,Agree,Disagree,Neutral,Satisfied,Satisfied,Very satisfied,Agree,Strongly agree,Strongly agree,Neutral,5.0,1.0,4.0,3.0,4.0,4.0,8.0,no,PC,Mixed,Medium (between 72-90fps)
7,italian,limited,high,VR,Male,25-29,University Education,Student in Robotics,No,Familiar,Familiar,Can perform an automatic replanning of the procedure replacing the piece.,It loads and unloads parts into the EMCO milling machine.,ABB and KUKA,"Color, shape, and geometry",It encapsulates internal complexity and exposes services to the Meta-MES,The automated warehouse,Automatic warehouse,ABB,4,Milling machine,10,Meta Quest,3,4,1,3,2,5,4,4,5,5,Neutral,5.0,10.0,The details and the fact that it was not just a static scene,yes,Agree,Agree,Agree,Agree,Strongly agree,Very satisfied,Very satisfied,Very satisfied,Strongly agree,Agree,Strongly agree,Strongly agree,1.0,1.0,2.0,5.0,3.0,1.0,7.0,I would have liked to see in the various part of the manufacturing process as an iterable object ; being able to analyse and interact with it to see how it changes and make the experience even more iteractive,Meta Quest 3,Controllers,Medium (between 72-90fps)
8,italian,No,high,presence,Male,18-24,University Education,Student in Robotics,No,Familiar,Familiar,Can perform an automatic replanning of the procedure replacing the piece.,It loads and unloads parts into the EMCO milling machine.,JAKA and UR5,Weight and temperature,It encapsulates internal complexity and exposes services to the Meta-MES,The automated warehouse,Milling machine,KUKA,4,Collaborative robots,10,In presence,4,5,3,4,2,4,3,5,4,5,,,,,,,,,,,,,,,,,,,,,,,,,,,,
9,italian,No,high,presence,Male,18-24,University Education,Student in Robotics,No,Neutral,Familiar,Can perform an automatic replanning of the procedure replacing the piece.,It checks the color and geometry of the parts.,ABB and KUKA,"Color, shape, and geometry",It encapsulates internal complexity and exposes services to the Meta-MES,The automated warehouse,Automatic warehouse,ABB,3,Collaborative robots,10,In presence,3,5,2,4,1,5,4,4,5,4,,,,,,,,,,,,,,,,,,,,,,,,,,,,
10,Tunisian,Limited,high,presence,Male,18-24,High school,Student in Robotics,No,Neutral,Very unfamiliar,Can perform an automatic replanning of the procedure replacing the piece.,It loads and unloads parts into the EMCO milling machine.,ABB and KUKA,"Color, shape, and geometry",It encapsulates internal complexity and exposes services to the Meta-MES,The electronic board testing area,Quality control cell,ABB,5,Automatic warehouse,10,In presence,4,5,3,3,1,3,4,4,3,4,,,,,,,,,,,,,,,,,,,,,,,,,,,,
11,Iranian,yes,high,presence,Male,18-24,University Education,Student in Robotics,No,Unfamiliar,Unfamiliar,Can perform an automatic replanning of the procedure replacing the piece.,It performs the engraving itself.,ABB and KUKA,"Color, shape, and geometry",It encapsulates internal complexity and exposes services to the Meta-MES,The automated warehouse,Automatic warehouse,ABB,4,Milling machine,6,In presence,2,3,5,3,1,3,4,3,2,4,,,,,,,,,,,,,,,,,,,,,,,,,,,,
12,Togolese,No,high,presence,Male,25-29,University Education,Student in Robotics,No,Neutral,Neutral,Can perform an automatic replanning of the procedure replacing the piece.,It performs the engraving itself.,JAKA and UR5,"Color, shape, and geometry",It encapsulates internal complexity and exposes services to the Meta-MES,The automated warehouse,Automatic warehouse,ABB,5,Collaborative robots,10,In presence,3,5,3,4,1,5,5,4,4,5,,,,,,,,,,,,,,,,,,,,,,,,,,,,
13,italian,Limited,No,presence,Female,18-24,University Education,Student in Robotics,No,Neutral,Familiar,Can perform an automatic replanning of the procedure replacing the piece.,It performs the engraving itself.,JAKA and UR5,"Color, shape, and geometry",It serves as a database for storing employee records,The visual quality control sensor array,Automatic warehouse,ABB,4,Milling machine,10,In presence,3,4,4,4,2,3,4,4,4,4,,,,,,,,,,,,,,,,,,,,,,,,,,,,
14,italian,Limited,high,DES,Male,18-24,High school,Student in Robotics,No,Neutral,Familiar,Can perform an automatic replanning of the procedure replacing the piece.,It checks the color and geometry of the parts.,ABB and KUKA,"Color, shape, and geometry",It serves as a database for storing employee records,The electronic board testing area,Automatic warehouse,KUKA,5,Collaborative robots,10,Desktop,3,5,2,4,1,5,5,3,5,2,Familiar,5.0,8.0,"The virtualizazion of the scene is pretty ""real"", the explanations are good ",yes,Agree,Neutral,Agree,Strongly agree,Strongly agree,Neutral,Very satisfied,Satisfied,Strongly agree,Agree,Strongly agree,Agree,3.0,1.0,1.0,7.0,7.0,1.0,8.0,"nothing important, there are some collision bugs between the player and some doors or objects",PC,Mixed,Medium (between 72-90fps)
15,italian,No,No,VR,Female,18-24,High school,Student in Robotics,No,Very unfamiliar,Neutral,Can perform an automatic replanning of the procedure replacing the piece.,It loads and unloads parts into the EMCO milling machine.,ABB and KUKA,"Color, shape, and geometry",It encapsulates internal complexity and exposes services to the Meta-MES,The electronic board testing area,Automatic warehouse,ABB,4,Collaborative robots,6,Meta Quest,2,3,1,4,2,4,2,1,5,4,Neutral,5.0,9.0,the way I could move into the lab,yes,Agree,Agree,Agree,Disagree,Disagree,Very satisfied,Satisfied,Satisfied,Strongly agree,Strongly agree,Strongly agree,Neutral,3.0,2.0,1.0,4.0,5.0,5.0,3.0,no,Meta Quest 3,Controllers,Very low (less than 50fps)
16,italian,No,No,VR,Male,18-24,University Education,Student in Robotics,No,Very unfamiliar,Very unfamiliar,Can perform an automatic replanning of the procedure replacing the piece.,It loads and unloads parts into the EMCO milling machine.,JAKA and UR5,"Color, shape, and geometry",It encapsulates internal complexity and exposes services to the Meta-MES,The automated warehouse,Automatic warehouse,EMCO,5,Milling machine,6,Meta Quest,2,4,3,2,1,4,4,4,5,4,Very unfamiliar,4.0,7.0,The ease of movement and machinery interaction,yes,Agree,Disagree,Agree,Neutral,Neutral,Very satisfied,Satisfied,Satisfied,Agree,Neutral,Agree,Neutral,5.0,1.0,6.0,4.0,3.0,1.0,4.0,A slower pace of the guiding voice and an increased font of the text panels,Meta Quest 3,Controllers,Medium (between 72-90fps)
17,italian,No,No,DES,Female,25-29,University Education,Student in Robotics,No,Unfamiliar,Familiar,Can perform an automatic replanning of the procedure replacing the piece.,It checks the color and geometry of the parts.,JAKA and UR5,"Color, shape, and geometry",It encapsulates internal complexity and exposes services to the Meta-MES,The visual quality control sensor array,Quality control cell,KUKA,5,Milling machine,10,Desktop,5,5,3,4,1,5,2,2,5,3,Very unfamiliar,5.0,10.0,The real-life resemblance,yes,Strongly agree,Agree,Agree,Strongly agree,Strongly agree,Very satisfied,Very satisfied,Very satisfied,Strongly agree,Strongly agree,Strongly agree,Strongly agree,6.0,2.0,5.0,4.0,2.0,1.0,9.0,no,PC,Mixed,High (More than 90fps)
18,italian,Limited,high,VR,Male,25-29,University Education,Student in Robotics,Prefer not to say,Familiar,Very familiar,Can perform an automatic replanning of the procedure replacing the piece.,It loads and unloads parts into the EMCO milling machine.,JAKA and UR5,Battery life and signal strength,It encapsulates internal complexity and exposes services to the Meta-MES,The automated warehouse,Automatic warehouse,EMCO,3,Collaborative robots,6,Meta Quest,4,4,2,4,3,4,4,5,5,4,Unfamiliar,3.0,7.0,"Each machine has its own explaination, the adopted dictionary is simple to understand, information are easily accessible",yes,Neutral,Neutral,Agree,Agree,Agree,Satisfied,Dissatisfied,Satisfied,Strongly agree,Agree,Strongly agree,Agree,5.0,1.0,1.0,6.0,2.0,1.0,8.0,I think the navigation system might be smoother ,Meta Quest 3,Controllers,Medium (between 72-90fps)
19,italian,limited,high,VR,Male,25-29,University Education,Student in Robotics,No,Unfamiliar,Familiar,Can perform an automatic replanning of the procedure replacing the piece.,It loads and unloads parts into the EMCO milling machine.,ABB and KUKA,"Color, shape, and geometry",It encapsulates internal complexity and exposes services to the Meta-MES,The automated warehouse,Automatic warehouse,ABB,4,Milling machine,6,Meta Quest,4,3,3,2,2,3,4,4,4,4,Neutral,4.0,7.0,"the environment was really clear and tidy, also since it is not so big of a place, i get used to the dimensions, object placing and spatiality very quickly, also liked the outdoor models aswell, helps to give context",yes,Neutral,Disagree,Agree,Agree,Neutral,Satisfied,Neutral,Satisfied,Agree,Strongly agree,Agree,Neutral,6.0,5.0,6.0,5.0,3.0,2.0,7.0,"give a bit of time at the beginning for a user to just wonder around the lab, and touch/do stuffs, then begin with presentation, overal, gg",Meta Quest 3,Controllers,Medium (between 72-90fps)
20,italian,No,no,VR,Female,25-29,University Education,Student in Robotics,No,Unfamiliar,Unfamiliar,Can perform an automatic replanning of the procedure replacing the piece.,It loads and unloads parts into the EMCO milling machine.,JAKA and UR5,"Color, shape, and geometry",It encapsulates internal complexity and exposes services to the Meta-MES,The automated warehouse,Quality control cell,EMCO,3,Collaborative robots,10,Meta Quest,3,4,4,5,2,4,3,3,5,5,Unfamiliar,5.0,8.0,the perception to be in the real lab,yes,Strongly agree,Agree,Strongly agree,Agree,Agree,Satisfied,Neutral,Very satisfied,Agree,Strongly agree,Strongly agree,Agree,5.0,2.0,4.0,3.0,3.0,2.0,7.0,"it was easy to move inside the lab from a perception point of view, maybe the initial recap and explanation is a little bit fast. in general it's easy to move and to interact with the objects",Meta Quest 3,Controllers,Medium (between 72-90fps)
21,italian,No,Moderate,DES,Male,25-29,University Education,Student in Robotics,No,Neutral,Familiar,Can perform an automatic replanning of the procedure replacing the piece.,It checks the color and geometry of the parts.,ABB and KUKA,"Color, shape, and geometry",It encapsulates internal complexity and exposes services to the Meta-MES,The electronic board testing area,Quality control cell,ABB,4,Automatic warehouse,6,Desktop,3,5,3,5,1,5,5,3,4,5,Very unfamiliar,5.0,10.0,The graphical parts and the robot details,yes,Agree,Neutral,Strongly agree,Neutral,Neutral,Very satisfied,Very satisfied,Very satisfied,Strongly agree,Strongly agree,Strongly agree,Strongly agree,4.0,1.0,4.0,2.0,4.0,1.0,6.0,no,PC,Mixed,High (More than 90fps)
