Informazioni cronologiche,Participant ID:,How familiar you are with Mixed Reality technology and applications?,I felt like I was standing in the ICELAB ,How likely are you to recommend MASTER XR Educational Scene to a friend or colleague? ,What did you like most about the MASTER XR Educational Scene?  ,"Does the language used in MASTER XR Educational Scene take into consideration gender, education, and cultural diversities?  (Type 'Yes' or Specify the points that you think there is an issue)",MASTER XR improved my familiarization with an industrial environment.  ,MASTER XR improved my familiarization with industrial robots handling/programming. ,MASTER XR improved my familiarization with Mixed reality technology and application. ,It is easy to understand the language used in MASTER XR Educational Scene (included in information/instruction panels). ,It is easy to understand and follow the training procedure in MASTER XR Educational Scene. ,Overall MASTER XR Educational Scene graphics (Consider how easy is to identify the various objects and how realistic they are.) ,"Overall MASTER XR Educational Scene interactions (Consider how easy is to handle objects, select a choice, etc.) ",Navigation-locomotion comfort in MASTER XR Educational Scene (Consider how easy it is to move into the environment.) ,I feel safe using MASTER XR Educational Scene for robotics training purposes. ,I feel safe using traditional ways for robotics training. ,It is easy to use MASTER XR Educational Scene. ,It is easy to use traditional ways for robotics training.,"How mentally demanding was the task? (Consider activities like thinking, deciding, calculating, remembering, looking, searching, etc)  ","How physically demanding was the task? (Consider activities like pushing, pulling, turning, lifting, etc) ",How hurried or rushed was the pace of the task? (Consider the time pressure you felt.) ,How successful were you in accomplishing what you were asked to do? (Consider how satisfied you are with your performance.) ,How hard did you have to work to accomplish your level of performance? (Consider how hard in terms of mental or physical effort.) ,"How insecure, discouraged, irritated, stressed, and annoyed were you? (Consider how frustrated you may felt.)  ",Do you think you have achieved the learning objectives of the scenes?,Is there anything else you would like to share about your experience with MASTER XR?  ,What is the equipment used for the experiment? (indicate the model for each one)   ,Which is the primary interaction method used?  ,How would you rate the frame rate of the application?  ,What would be more similar to the system specifications running the MASTER XR Educational Scene?   
08/05/2026 10.42.19,1,Familiar,5,5,Model quality,yes,Agree,Agree,Agree,Agree,Agree,Satisfied,Satisfied,Satisfied,Agree,Neutral,Agree,Neutral,2,2,2,4,2,2,9,no,Meta Quest 3,Controllers,Very low (less than 50fps),Recommended requirements
08/05/2026 11.38.48,2,Unfamiliar,3,8,"You can visualize spaces otherwise non visualizable, with space awarness.",yes,Neutral,Disagree,Agree,Strongly agree,Strongly agree,Very satisfied,Very satisfied,Very satisfied,Strongly agree,Disagree,Strongly agree,Disagree,3,1,4,7,3,1,8,no,PC,Mixed,High (More than 90fps),Recommended requirements
08/05/2026 14.58.43,3,Familiar,5,9,the envirnment,yes,Agree,Agree,Agree,Agree,Agree,Satisfied,Satisfied,Satisfied,Agree,Agree,Agree,Agree,4,4,4,4,4,4,6,no,Meta Quest 3,Controllers,Medium (between 72-90fps),Recommended requirements
11/05/2026 10.54.11,4,Familiar,3,7,moving around without bothering noone ,yes,Agree,Agree,Agree,Neutral,Neutral,Satisfied,Satisfied,Satisfied,Agree,Neutral,Agree,Neutral,4,1,4,4,3,3,7,the robot in front of vertimag bodybloced me and until it mooved i was not able to listen the audio ,PC,Mixed,Low (Less than 72fps),Recommended requirements
11/05/2026 11.17.58,5,Unfamiliar,4,9,"Since I didn't know anything about the subject, it intrigued me in every way and helped me understand how certain machines are actually built ",yes,Agree,Agree,Agree,Neutral,Agree,Satisfied,Satisfied,Satisfied,Agree,Agree,Neutral,Neutral,4,5,3,4,4,5,6,no,PC,Mixed,Low (Less than 72fps),Recommended requirements
11/05/2026 11.40.05,6,Neutral,3,8,"how i was able to move around, looking for informations and the possibilty to make a question and recive an answer",no,Agree,Neutral,Agree,Disagree,Neutral,Satisfied,Satisfied,Very satisfied,Agree,Strongly agree,Strongly agree,Neutral,5,1,4,3,4,4,8,no,PC,Mixed,Medium (between 72-90fps),Recommended requirements
15/05/2026 11.20.05,7,Neutral,5,10,The details and the fact that it was not just a static scene,yes,Agree,Agree,Agree,Agree,Strongly agree,Very satisfied,Very satisfied,Very satisfied,Strongly agree,Agree,Strongly agree,Strongly agree,1,1,2,5,3,1,7,I would have liked to see in the various part of the manufacturing process as an iterable object ; being able to analyse and interact with it to see how it changes and make the experience even more iteractive,Meta Quest 3,Controllers,Medium (between 72-90fps),Recommended requirements
20/05/2026 10.37.20,14,Familiar,5,8,"The virtualizazion of the scene is pretty ""real"", the explanations are good ",yes,Agree,Neutral,Agree,Strongly agree,Strongly agree,Neutral,Very satisfied,Satisfied,Strongly agree,Agree,Strongly agree,Agree,3,1,1,7,7,1,8,"nothing important, there are some collision bugs between the player and some doors or objects",PC,Mixed,Medium (between 72-90fps),Recommended requirements
20/05/2026 11.22.43,15,Neutral,5,9,the way I could move into the lab,yes,Agree,Agree,Agree,Disagree,Disagree,Very satisfied,Satisfied,Satisfied,Strongly agree,Strongly agree,Strongly agree,Neutral,3,2,1,4,5,5,3,no,Meta Quest 3,Controllers,Very low (less than 50fps),Recommended requirements
20/05/2026 11.53.30,16,Very unfamiliar,4,7,The ease of movement and machinery interaction,yes,Agree,Disagree,Agree,Neutral,Neutral,Very satisfied,Satisfied,Satisfied,Agree,Neutral,Agree,Neutral,5,1,6,4,3,1,4,A slower pace of the guiding voice and an increased font of the text panels,Meta Quest 3,Controllers,Medium (between 72-90fps),Recommended requirements
20/05/2026 14.15.29,17,Very unfamiliar,5,10,The real-life resemblance,yes,Strongly agree,Agree,Agree,Strongly agree,Strongly agree,Very satisfied,Very satisfied,Very satisfied,Strongly agree,Strongly agree,Strongly agree,Strongly agree,6,2,5,4,2,1,9,no,PC,Mixed,High (More than 90fps),Recommended requirements
25/05/2026 11.46.47,18,Unfamiliar,3,7,"Each machine has its own explaination, the adopted dictionary is simple to understand, information are easily accessible",yes,Neutral,Neutral,Agree,Agree,Agree,Satisfied,Dissatisfied,Satisfied,Strongly agree,Agree,Strongly agree,Agree,5,1,1,6,2,1,8,I think the navigation system might be smoother ,Meta Quest 3,Controllers,Medium (between 72-90fps),Recommended requirements
25/05/2026 15.10.42,19,Neutral,4,7,"the environment was really clear and tidy, also since it is not so big of a place, i get used to the dimensions, object placing and spatiality very quickly, also liked the outdoor models aswell, helps to give context",yes,Neutral,Disagree,Agree,Agree,Neutral,Satisfied,Neutral,Satisfied,Agree,Strongly agree,Agree,Neutral,6,5,6,5,3,2,7,"give a bit of time at the beginning for a user to just wonder around the lab, and touch/do stuffs, then begin with presentation, overal, gg",Meta Quest 3,Controllers,Medium (between 72-90fps),Recommended requirements
25/05/2026 15.55.28,20,Unfamiliar,5,8,the perception to be in the real lab,yes,Strongly agree,Agree,Strongly agree,Agree,Agree,Satisfied,Neutral,Very satisfied,Agree,Strongly agree,Strongly agree,Agree,5,2,4,3,3,2,7,"it was easy to move inside the lab from a perception point of view, maybe the initial recap and explanation is a little bit fast. in general it's easy to move and to interact with the objects",Meta Quest 3,Controllers,Medium (between 72-90fps),Recommended requirements
25/05/2026 16.23.30,21,Very unfamiliar,5,10,The graphical parts and the robot details,yes,Agree,Neutral,Strongly agree,Neutral,Neutral,Very satisfied,Very satisfied,Very satisfied,Strongly agree,Strongly agree,Strongly agree,Strongly agree,4,1,4,2,4,1,6,no,PC,Mixed,High (More than 90fps),Recommended requirements
29/05/2026 13.27.14,22,Very unfamiliar,4,8,"New experience, very interesting project and presentation, quite detailed and this made the experience more interesting","Yes, the topic is quite niche so even the terminology used can impact a lot on the focus, the comprehension and overall experience, making it more or less enjoyable",Agree,Neutral,Agree,Disagree,Neutral,Satisfied,Dissatisfied,Satisfied,Neutral,Strongly agree,Agree,Strongly agree,6,2,5,3,5,5,4,"Proper made project but the tecnical language, even for someone familiar with the language makes the experience more tiring ",Meta Quest 3,Mixed,Medium (between 72-90fps),Recommended requirements
29/05/2026 13.56.44,23,Neutral,2,7,the explaining voice,neutral,Neutral,Agree,Neutral,Neutral,Disagree,Satisfied,Neutral,Dissatisfied,Disagree,Agree,Disagree,Neutral,5,5,4,3,4,4,4,no,PC,Controllers,Medium (between 72-90fps),Recommended requirements
29/05/2026 14.30.11,24,Neutral,4,7,The way you can interact with the enviroment arround you,yes,Agree,Neutral,Agree,Agree,Neutral,Very satisfied,Satisfied,Dissatisfied,Strongly agree,Neutral,Neutral,Neutral,6,2,5,4,5,3,6,"i would suggest improving the overall movements for the desktop mode, it can be a little bit rough at times",PC,Mixed,Low (Less than 72fps),Recommended requirements