Informazioni cronologiche,"Consent (by selecting ""Agree"", you are consenting to the conditions above):",Participant ID:,Gender:,Age:,Highest level of education:,Current occupation:  ,"Have you been diagnosed with colour vision deficiency (colour blindness)? (if yes, specify your color vision defiency) ",How familiar you are with Industrial environment and processes?,How familiar you are with Industrial robotics handling or programming?,How can the Meta-MES handle the detection of a defective piece made by the quality control cell? ,"In the Subtractive Manufacturing cell, what is the role of the UR5 robot? ",The Assembly cell (Cell 4) uses which two types of robotic arms? ,The Quality Control cell detects defects based on which criteria?,"In the context of the Assembly Cell, what is the role of the OPC-UA server? ",The VERTIMAG EF system is associated with which facility feature? ,Which is the tallest machine in the lab?, Which is the dual arm robot?,How many bays are there in the transport line,Which machine is closer to the SPEA testing machine?,How many pallets are on the conveyor?,Test modality,I found it easy to maintain my focus on the descriptions of the various workcells.  ,The way the information was presented made me curious to learn more about Industry 4.0.,How much mental effort was required to navigate the environment and understand the explanations? ,I felt like an active participant in the tour rather than a passive observer.  ,The experience was 'boring' or 'dry'. ,I would be interested in visiting the ICE Lab again using this same modality. ,I would be interested in visiting the ICE Lab again using a different modality. ,"I had a urge to 'touch' or 'interact' with the machinery (e.g., the UR5 robot or the conveyor). ",I can easily visualize the layout of the lab in my mind right now. ,Did the modality spark a desire for more knowledge
08/05/2026 10.37.15,Agree,1,Male,30-34,University Education,Student in Robotics,No,Familiar,Familiar,Can perform an automatic replanning of the procedure replacing the piece.,It loads and unloads parts into the EMCO milling machine.,ABB and KUKA,"Color, shape, and geometry",It encapsulates internal complexity and exposes services to the Meta-MES,The automated warehouse,Automatic warehouse,ABB,4,Milling machine,10,Meta Quest,5,5,1,5,1,5,2,2,5,4
08/05/2026 11.32.16,Agree,2,Male,35-44,University Education,Teacher in computing,No,Very familiar,Familiar,Can perform an automatic replanning of the procedure replacing the piece.,It loads and unloads parts into the EMCO milling machine.,ABB and KUKA,"Color, shape, and geometry",It encapsulates internal complexity and exposes services to the Meta-MES,The automated warehouse,Automatic warehouse,ABB,4,Milling machine,10,Desktop,4,5,1,3,1,4,5,1,5,3
08/05/2026 14.53.29,Agree,3,Male,35-44,University Education,Student in Robotics,No,Unfamiliar,Neutral,Requires the intervention of a human operator.,It checks the color and geometry of the parts.,ABB and KUKA,"Color, shape, and geometry",It encapsulates internal complexity and exposes services to the Meta-MES,The visual quality control sensor array,Automatic warehouse,ABB,3,Milling machine,6,Meta Quest,2,4,2,3,3,4,4,5,5,5
11/05/2026 10.45.11,Agree,4,Male,18-24,High school,Student in Robotics,No,Familiar,Neutral,Can perform an automatic replanning of the procedure replacing the piece.,It loads and unloads parts into the EMCO milling machine.,ABB and KUKA,"Color, shape, and geometry",It serves as a database for storing employee records,The automated warehouse,Milling machine,KUKA,4,Milling machine,6,Desktop,3,3,4,3,2,4,4,4,5,4
11/05/2026 11.12.33,Agree,5,Female,18-24,High school,Student in Robotics,No,Unfamiliar,Unfamiliar,Can perform an automatic replanning of the procedure replacing the piece.,It loads and unloads parts into the EMCO milling machine.,JAKA and UR5,"Color, shape, and geometry",It encapsulates internal complexity and exposes services to the Meta-MES,The visual quality control sensor array,Quality control cell,EMCO,3,Collaborative robots,10,Desktop,3,4,3,3,1,3,3,3,4,3
11/05/2026 11.35.29,Agree,6,Male,18-24,High school,Student in Robotics,No,Familiar,Unfamiliar,Can perform an automatic replanning of the procedure replacing the piece.,It checks the color and geometry of the parts.,SPEA and EMCO,"Color, shape, and geometry",It serves as a database for storing employee records,The visual quality control sensor array,Quality control cell,EMCO,4,Automatic warehouse,10,Desktop,4,3,3,4,1,4,5,3,5,4
13/05/2026 11.26.20,Agree,12,Male,25-29,University Education,Student in Robotics,No,Neutral,Neutral,Can perform an automatic replanning of the procedure replacing the piece.,It performs the engraving itself.,JAKA and UR5,"Color, shape, and geometry",It encapsulates internal complexity and exposes services to the Meta-MES,The automated warehouse,Automatic warehouse,ABB,5,Collaborative robots,10,In presence,3,5,3,4,1,5,5,4,4,5
13/05/2026 11.27.48,Agree,11,Male,18-24,University Education,Student in Robotics,No,Unfamiliar,Unfamiliar,Can perform an automatic replanning of the procedure replacing the piece.,It performs the engraving itself.,ABB and KUKA,"Color, shape, and geometry",It encapsulates internal complexity and exposes services to the Meta-MES,The automated warehouse,Automatic warehouse,ABB,4,Milling machine,6,In presence,2,3,5,3,1,3,4,3,2,4
13/05/2026 11.27.53,Agree,10,Male,18-24,High school,Student in Robotics,No,Neutral,Very unfamiliar,Can perform an automatic replanning of the procedure replacing the piece.,It loads and unloads parts into the EMCO milling machine.,ABB and KUKA,"Color, shape, and geometry",It encapsulates internal complexity and exposes services to the Meta-MES,The electronic board testing area,Quality control cell,ABB,5,Automatic warehouse,10,In presence,4,5,3,3,1,3,4,4,3,4
13/05/2026 11.28.46,Agree,8,Male,18-24,University Education,Student in Robotics,No,Familiar,Familiar,Can perform an automatic replanning of the procedure replacing the piece.,It loads and unloads parts into the EMCO milling machine.,JAKA and UR5,Weight and temperature,It encapsulates internal complexity and exposes services to the Meta-MES,The automated warehouse,Milling machine,KUKA,4,Collaborative robots,10,In presence,4,5,3,4,2,4,3,5,4,5
13/05/2026 11.29.30,Agree,9,Male,18-24,University Education,Student in Robotics,No,Neutral,Familiar,Can perform an automatic replanning of the procedure replacing the piece.,It checks the color and geometry of the parts.,ABB and KUKA,"Color, shape, and geometry",It encapsulates internal complexity and exposes services to the Meta-MES,The automated warehouse,Automatic warehouse,ABB,3,Collaborative robots,10,In presence,3,5,2,4,1,5,4,4,5,4
13/05/2026 11.30.32,Agree,13,Female,18-24,University Education,Student in Robotics,No,Neutral,Familiar,Can perform an automatic replanning of the procedure replacing the piece.,It performs the engraving itself.,JAKA and UR5,"Color, shape, and geometry",It serves as a database for storing employee records,The visual quality control sensor array,Automatic warehouse,ABB,4,Milling machine,10,In presence,3,4,4,4,2,3,4,4,4,4
15/05/2026 11.14.09,Agree,7,Male,25-29,University Education,Student in Robotics,No,Familiar,Familiar,Can perform an automatic replanning of the procedure replacing the piece.,It loads and unloads parts into the EMCO milling machine.,ABB and KUKA,"Color, shape, and geometry",It encapsulates internal complexity and exposes services to the Meta-MES,The automated warehouse,Automatic warehouse,ABB,4,Milling machine,10,Meta Quest,3,4,1,3,2,5,4,4,5,5
20/05/2026 10.32.54,Agree,14,Male,18-24,High school,Student in Robotics,No,Neutral,Familiar,Can perform an automatic replanning of the procedure replacing the piece.,It checks the color and geometry of the parts.,ABB and KUKA,"Color, shape, and geometry",It serves as a database for storing employee records,The electronic board testing area,Automatic warehouse,KUKA,5,Collaborative robots,10,Desktop,3,5,2,4,1,5,5,3,5,2
20/05/2026 11.18.05,Agree,15,Female,18-24,High school,Student in Robotics,No,Very unfamiliar,Neutral,Can perform an automatic replanning of the procedure replacing the piece.,It loads and unloads parts into the EMCO milling machine.,ABB and KUKA,"Color, shape, and geometry",It encapsulates internal complexity and exposes services to the Meta-MES,The electronic board testing area,Automatic warehouse,ABB,4,Collaborative robots,6,Meta Quest,2,3,1,4,2,4,2,1,5,4
20/05/2026 11.46.55,Agree,16,Male,18-24,University Education,Student in Robotics,No,Very unfamiliar,Very unfamiliar,Can perform an automatic replanning of the procedure replacing the piece.,It loads and unloads parts into the EMCO milling machine.,JAKA and UR5,"Color, shape, and geometry",It encapsulates internal complexity and exposes services to the Meta-MES,The automated warehouse,Automatic warehouse,EMCO,5,Milling machine,6,Meta Quest,2,4,3,2,1,4,4,4,5,4
20/05/2026 14.09.02,Agree,17,Female,25-29,University Education,Student in Robotics,No,Unfamiliar,Familiar,Can perform an automatic replanning of the procedure replacing the piece.,It checks the color and geometry of the parts.,JAKA and UR5,"Color, shape, and geometry",It encapsulates internal complexity and exposes services to the Meta-MES,The visual quality control sensor array,Quality control cell,KUKA,5,Milling machine,10,Desktop,5,5,3,4,1,5,2,2,5,3
25/05/2026 11.36.27,Agree,18,Male,25-29,University Education,Student in Robotics,Prefer not to say,Familiar,Very familiar,Can perform an automatic replanning of the procedure replacing the piece.,It loads and unloads parts into the EMCO milling machine.,JAKA and UR5,Battery life and signal strength,It encapsulates internal complexity and exposes services to the Meta-MES,The automated warehouse,Automatic warehouse,EMCO,3,Collaborative robots,6,Meta Quest,4,4,2,4,3,4,4,5,5,4
25/05/2026 15.03.25,Agree,19,Male,25-29,University Education,Student in Robotics,No,Unfamiliar,Familiar,Can perform an automatic replanning of the procedure replacing the piece.,It loads and unloads parts into the EMCO milling machine.,ABB and KUKA,"Color, shape, and geometry",It encapsulates internal complexity and exposes services to the Meta-MES,The automated warehouse,Automatic warehouse,ABB,4,Milling machine,6,Meta Quest,4,3,3,2,2,3,4,4,4,4
25/05/2026 15.42.36,Agree,20,Female,25-29,University Education,Student in Robotics,No,Unfamiliar,Unfamiliar,Can perform an automatic replanning of the procedure replacing the piece.,It loads and unloads parts into the EMCO milling machine.,JAKA and UR5,"Color, shape, and geometry",It encapsulates internal complexity and exposes services to the Meta-MES,The automated warehouse,Quality control cell,EMCO,3,Collaborative robots,10,Meta Quest,3,4,4,5,2,4,3,3,5,5
25/05/2026 16.18.45,Agree,21,Male,25-29,University Education,Student in Robotics,No,Neutral,Familiar,Can perform an automatic replanning of the procedure replacing the piece.,It checks the color and geometry of the parts.,ABB and KUKA,"Color, shape, and geometry",It encapsulates internal complexity and exposes services to the Meta-MES,The electronic board testing area,Quality control cell,ABB,4,Automatic warehouse,6,Desktop,3,5,3,5,1,5,5,3,4,5
29/05/2026 13.16.56,Agree,22,Male,18-24,High school,Student in Robotics,No,Unfamiliar,Unfamiliar,Can perform an automatic replanning of the procedure replacing the piece.,It performs the engraving itself.,ABB and KUKA,Weight and temperature,It encapsulates internal complexity and exposes services to the Meta-MES,The automated warehouse,Quality control cell,KUKA,4,Collaborative robots,6,Meta Quest,2,3,4,5,2,2,4,5,4,3
29/05/2026 13.51.10,Agree,23,Male,18-24,University Education,Student in Robotics,No,Neutral,Familiar,Can perform an automatic replanning of the procedure replacing the piece.,It loads and unloads parts into the EMCO milling machine.,JAKA and UR5,"Color, shape, and geometry",It encapsulates internal complexity and exposes services to the Meta-MES,The visual quality control sensor array,Quality control cell,EMCO,3,Automatic warehouse,10,Desktop,2,3,2,4,3,2,5,2,4,4
29/05/2026 14.23.49,Agree,24,Male,18-24,High school,waiter,No,Neutral,Unfamiliar,Can perform an automatic replanning of the procedure replacing the piece.,It loads and unloads parts into the EMCO milling machine.,SPEA and EMCO,"Color, shape, and geometry",It serves as a database for storing employee records,The automated warehouse,Automatic warehouse,KUKA,3,Collaborative robots,10,Desktop,4,4,3,3,3,1,5,5,4,3