Subject;name;email;gender;nation;experience VR;Experience Gaming;modality;;;;;;date;ORA
1;daniele albertini;;m;italiana;No;high;VR;;;;;;;
2;lora;;m;italiana;;;DES;;;;;;;
3;davide villaboni;;m;italiana;No;high;VR;;;;;;;
4;Daniele Bernardi;daniele.bernardi@univr.it;m;italiana;Limited;high;DES;;;;;;;
5;CHIARA BASSETTO;chiara.bassetto@studenti.univr.it;f;italiana;No;Moderate;DES;;;;;;;
6;TOMMASO GRANZOTTO;tommaso.granzotto@studenti.univr.it;m;italiana;Limited;high;DES;;;;;;;
7;francesco dal santo;;m;italiana;limited;high;VR;;;;;;;
8;LORENZO MALVAGIA;lorenzo.malvagia@studenti.univr.it;m;italiana;No;high;presence;;;;;;;
9;LUCA TREMENTINI;luca.trementini@studenti.univr.it;m;italiana;No;high;presence;;;;;;;
10;SOUHAIL SMIRI;souhail.smiri@studenti.univr.it;m;Tunisian;Limited;high;presence;;;;;;;
11;MOHAMMAD NASIRI;mohammad.nasiri@studenti.univr.it;m;Iranian;yes;high;presence;;;;;;;
12;MHENSA MOISE WINIGAH;mhensamoise.winigah@studenti.univr.it;m;Togolese;No;high;presence;;;;;;;
13;EVA MARCHIORETTO;eva.marchioretto@studenti.univr.it;f;italiana;Limited;No;presence;;;;;;;
14;ANTONIO ALESSANDRO MIRABELLI;antonioalessandro.mirabelli@studenti.univr.it;m;italiana;Limited;high;DES;;;;;;;
15;EMMA PEZZO;emma.pezzo@studenti.univr.it;f;italiana;No;No;VR;;;;;;;
16;tiziano villa;;m;italiana;No;No;VR;;;;;;;
17;irene treccani;;f;italiana;No;No;DES;;;;;;;
18;Mario Sedilesu;mario.sedilesu@univr.it;m;italiana;Limited;high;VR;;;;;;;
19;francesco mantoan;francesco.mantoan@studenti.univr.it;m;italiana;limited;high;VR;;;;;;;
20;virginia filippi;virginia.filippi@univr.it;f;italiana;No;No;VR;;;;;;;
21;Andrea Montanari;andrea.montanari00@gmail.com;m;italiana;No;Moderate;DES;;;;;;;
22;William Arthur YAnkum;williamarthur.yankum@studenti.univr.it;m;italiana;No;Moderate;VR;;;;;;;
23;tresor Naba;palamangaenocktresor.naba@studenti.univr.it;m;italiana;No;high;DES;;;;;;;
24;Osamede Destiny Osadolaye;osamededestiny.osadolaye@studenti.univr.it;m;italiana;No;Moderate;DES;;;;;;;
25;;;;;;;;;;;;;;
26;;;;;;;;;;;;;;
27;;;;;;;;;;;;;;
28;;;;;;;;;;;;;;
29;;;;;;;;;;;;;;
30;;;;;;;;;;;;;;
31;;;;;;;;;;;;;;
32;;;;;;;;;;;;;;
33;;;;;;;;;;;;;;
;;;;;;;;;;;;;;
;;;;;;;;;;;;;;
;;;;;;;;;;;;;;
